-- =====================================================
-- MATCHOP COMPLETE SETUP
-- Run this ONCE in Supabase SQL Editor to set up everything
-- Combines: seed.sql + storage.sql
-- =====================================================

-- =====================================================
-- PART 1: SEED DATA - Companies & Job Offers
-- =====================================================

-- Create profiles for all companies
INSERT INTO profiles (id, type, name, email, created_at) VALUES
('00000000-0000-0000-0001-000000000001', 'company', 'InstaDeep', 'contact@instadeep.com', NOW()),
('00000000-0000-0000-0001-000000000002', 'company', 'Kaoun Technologies', 'contact@kaoun.com', NOW()),
('00000000-0000-0000-0001-000000000003', 'company', 'Kumulus Water', 'contact@kumulus-water.com', NOW()),
('00000000-0000-0000-0001-000000000004', 'company', 'Datavizion AI', 'contact@datavizion.ai', NOW()),
('00000000-0000-0000-0001-000000000005', 'company', 'LaFlamme', 'contact@laflamme.tn', NOW()),
('00000000-0000-0000-0001-000000000006', 'company', 'SMOFT ERP', 'contact@smoft.com', NOW()),
('00000000-0000-0000-0001-000000000007', 'company', 'Cynoia', 'contact@cynoia.com', NOW()),
('00000000-0000-0000-0001-000000000008', 'company', 'Kamioun', 'contact@kamioun.com', NOW()),
('00000000-0000-0000-0001-000000000009', 'company', 'Myda', 'contact@myda.tn', NOW()),
('00000000-0000-0000-0001-000000000010', 'company', 'Siladoc', 'contact@siladoc.com', NOW()),
('00000000-0000-0000-0001-000000000011', 'company', 'Next Consult', 'contact@nextconsult.tn', NOW()),
('00000000-0000-0000-0001-000000000012', 'company', 'MedTech Tunisia', 'contact@medtechtunisia.com', NOW()),
('00000000-0000-0000-0001-000000000013', 'company', 'Smart Tunisie', 'contact@smarttunisie.com', NOW()),
('00000000-0000-0000-0001-000000000014', 'company', 'Tunisie Logistique', 'contact@tunisielogistique.com', NOW()),
('00000000-0000-0000-0001-000000000015', 'company', 'EcoTech Tunisia', 'contact@ecotechtunisia.com', NOW()),
('00000000-0000-0000-0001-000000000016', 'company', 'DevOps Tunisia', 'contact@devopstunisia.com', NOW()),
('00000000-0000-0000-0001-000000000017', 'company', 'AgriTech Tunisia', 'contact@agritechtunisia.com', NOW()),
('00000000-0000-0000-0001-000000000018', 'company', 'EdTech Tunisia', 'contact@edtechtunisia.com', NOW()),
('00000000-0000-0000-0001-000000000019', 'company', 'Energy Tunisia', 'contact@energytunisia.com', NOW()),
('00000000-0000-0000-0001-000000000020', 'company', 'Finance Tunisia', 'contact@financetunisia.com', NOW()),
('00000000-0000-0000-0001-000000000021', 'company', 'FoodTech Tunisia', 'contact@foodtechtunisia.com', NOW()),
('00000000-0000-0000-0001-000000000022', 'company', 'HR Tunisia', 'contact@hrtunisia.com', NOW()),
('00000000-0000-0000-0001-000000000023', 'company', 'Insurance Tunisia', 'contact@insurancetunisia.com', NOW()),
('00000000-0000-0000-0001-000000000024', 'company', 'Legal Tunisia', 'contact@legaltunisia.com', NOW()),
('00000000-0000-0000-0001-000000000025', 'company', 'Marketing Tunisia', 'contact@marketingtunisia.com', NOW()),
('00000000-0000-0000-0001-000000000026', 'company', 'Media Tunisia', 'contact@mediatunisia.com', NOW()),
('00000000-0000-0000-0001-000000000027', 'company', 'Mobile Tunisia', 'contact@mobiletunisia.com', NOW()),
('00000000-0000-0000-0001-000000000028', 'company', 'Security Tunisia', 'contact@securitytunisia.com', NOW()),
('00000000-0000-0000-0001-000000000029', 'company', 'Software Tunisia', 'contact@softwaretunisia.com', NOW()),
('00000000-0000-0000-0001-000000000030', 'company', 'Telecom Tunisia', 'contact@telecomtunisia.com', NOW()),
('00000000-0000-0000-0001-000000000031', 'company', 'Travel Tunisia', 'contact@traveltunisia.com', NOW()),
('00000000-0000-0000-0001-000000000032', 'company', 'Web Tunisia', 'contact@webtunisia.com', NOW()),
('00000000-0000-0000-0001-000000000033', 'company', 'Design Tunisia', 'contact@designtunisia.com', NOW()),
('00000000-0000-0000-0001-000000000034', 'company', 'Video Tunisia', 'contact@videotunisia.com', NOW()),
('00000000-0000-0000-0001-000000000035', 'company', 'Fashion Tunisia', 'contact@fashiontunisia.com', NOW()),
('00000000-0000-0000-0001-000000000036', 'company', 'Sport Tunisia', 'contact@sporttunisia.com', NOW()),
('00000000-0000-0000-0001-000000000037', 'company', 'Education Tunisia', 'contact@educationtunisia.com', NOW()),
('00000000-0000-0000-0001-000000000038', 'company', 'Engineering Tunisia', 'contact@engineeringtunisia.com', NOW()),
('00000000-0000-0000-0001-000000000039', 'company', 'Architecture Tunisia', 'contact@architecttunisia.com', NOW()),
('00000000-0000-0000-0001-000000000040', 'company', 'Construction Tunisia', 'contact@constructiontunisia.com', NOW()),
('00000000-0000-0000-0001-000000000041', 'company', 'Real Estate Tunisia', 'contact@realestatetunisia.com', NOW()),
('00000000-0000-0000-0001-000000000042', 'company', 'Property Tunisia', 'contact@propertytunisia.com', NOW()),
('00000000-0000-0000-0001-000000000043', 'company', 'Groupe Chimique Tunisien', 'contact@gct.com.tn', NOW()),
('00000000-0000-0000-0001-000000000044', 'company', 'Groupe SFBT', 'contact@sfbtnet.com', NOW()),
('00000000-0000-0000-0001-000000000045', 'company', 'Groupe Poulina', 'contact@poulina.com', NOW()),
('00000000-0000-0000-0001-000000000046', 'company', 'Groupe Mabrouk', 'contact@mabrouk.com', NOW()),
('00000000-0000-0000-0001-000000000047', 'company', 'Groupe TTS', 'contact@tts.com', NOW()),
('00000000-0000-0000-0001-000000000048', 'company', 'Groupe Elloumi', 'contact@elloumi.com', NOW()),
('00000000-0000-0000-0001-000000000049', 'company', 'El Mouradi', 'contact@elmouradi.com', NOW()),
('00000000-0000-0000-0001-000000000050', 'company', 'Groupe Karthago', 'contact@karthago.com', NOW()),
('00000000-0000-0000-0001-000000000051', 'company', 'Groupe Délice', 'contact@delice.com', NOW()),
('00000000-0000-0000-0001-000000000052', 'company', 'Groupe One Tech', 'contact@onetech.com', NOW()),
('00000000-0000-0000-0001-000000000053', 'company', 'TELNET HOLDING', 'contact@telnet.com', NOW()),
('00000000-0000-0000-0001-000000000054', 'company', 'STB Bank', 'contact@stb.com', NOW()),
('00000000-0000-0000-0001-000000000055', 'company', 'TUNISAIR', 'contact@tunisair.com', NOW()),
('00000000-0000-0000-0001-000000000056', 'company', 'TUNIS RE', 'contact@tunisre.com', NOW())
ON CONFLICT (id) DO NOTHING;

-- Create company details
INSERT INTO companies (id, website, sector, size, description, location, contact_email) VALUES
('00000000-0000-0000-0001-000000000001', 'https://instadeep.com', 'AI', '500+', 'AI solutions for global enterprises', 'Tunis', 'contact@instadeep.com'),
('00000000-0000-0000-0001-000000000002', 'https://kaoun.com', 'Fintech', '100+', 'Mobile banking & payments (Flouci)', 'Tunis', 'contact@kaoun.com'),
('00000000-0000-0000-0001-000000000003', 'https://kumulus-water.com', 'Cleantech', '50+', 'Water-from-air solutions', 'Sousse', 'contact@kumulus-water.com'),
('00000000-0000-0000-0001-000000000004', 'https://datavizion.ai', 'Big Data', '50+', 'Data analytics platform', 'Tunis', 'contact@datavizion.ai'),
('00000000-0000-0000-0001-000000000005', 'https://laflamme.tn', 'HealthTech', '20+', 'Mental health platform', 'Tunis', 'contact@laflamme.tn'),
('00000000-0000-0000-0001-000000000006', 'https://smoft.com', 'ERP', '100+', 'ERP software solutions', 'Tunis', 'contact@smoft.com'),
('00000000-0000-0000-0001-000000000007', 'https://cynoia.com', 'Productivity', '50+', 'Productivity apps', 'Tunis', 'contact@cynoia.com'),
('00000000-0000-0000-0001-000000000008', 'https://kamioun.com', 'FMCG', '100+', 'B2B retail marketplace', 'Tunis', 'contact@kamioun.com'),
('00000000-0000-0000-0001-000000000009', 'https://myda.tn', 'AI', '30+', 'AI for food artisans', 'Tunis', 'contact@myda.tn'),
('00000000-0000-0000-0001-000000000010', 'https://siladoc.com', 'HealthTech', '50+', 'Teleconsultation platform', 'Tunis', 'contact@siladoc.com'),
('00000000-0000-0000-0001-000000000011', 'https://nextconsult.tn', 'Web Development', '50+', 'Web & mobile development', 'Tunis', 'contact@nextconsult.tn'),
('00000000-0000-0000-0001-000000000012', 'https://medtechtunisia.com', 'HealthTech', '20+', 'Medical technology', 'Tunis', 'contact@medtechtunisia.com'),
('00000000-0000-0000-0001-000000000013', 'https://smarttunisie.com', 'Smart Cities', '50+', 'Smart city solutions', 'Tunis', 'contact@smarttunisie.com'),
('00000000-0000-0000-0001-000000000014', 'https://tunisielogistique.com', 'Logistics', '100+', 'Logistics & transport', 'Tunis', 'contact@tunisielogistique.com'),
('00000000-0000-0000-0001-000000000015', 'https://ecotechtunisia.com', 'Cleantech', '30+', 'Environmental technology', 'Tunis', 'contact@ecotechtunisia.com'),
('00000000-0000-0000-0001-000000000016', 'https://devopstunisia.com', 'IT', '50+', 'DevOps & cloud services', 'Tunis', 'contact@devopstunisia.com'),
('00000000-0000-0000-0001-000000000017', 'https://agritechtunisia.com', 'Agriculture', '30+', 'AgriTech solutions', 'Tunis', 'contact@agritechtunisia.com'),
('00000000-0000-0000-0001-000000000018', 'https://edtechtunisia.com', 'EdTech', '20+', 'Education platform', 'Tunis', 'contact@edtechtunisia.com'),
('00000000-0000-0000-0001-000000000019', 'https://energytunisia.com', 'Energy', '50+', 'Energy solutions', 'Tunis', 'contact@energytunisia.com'),
('00000000-0000-0000-0001-000000000020', 'https://financetunisia.com', 'Finance', '100+', 'Financial services', 'Tunis', 'contact@financetunisia.com'),
('00000000-0000-0000-0001-000000000021', 'https://foodtechtunisia.com', 'Food', '30+', 'Food technology', 'Tunis', 'contact@foodtechtunisia.com'),
('00000000-0000-0000-0001-000000000022', 'https://hrtunisia.com', 'HR', '20+', 'HR technology', 'Tunis', 'contact@hrtunisia.com'),
('00000000-0000-0000-0001-000000000023', 'https://insurancetunisia.com', 'Insurance', '50+', 'Insurance solutions', 'Tunis', 'contact@insurancetunisia.com'),
('00000000-0000-0000-0001-000000000024', 'https://legaltunisia.com', 'Legal', '20+', 'Legal technology', 'Tunis', 'contact@legaltunisia.com'),
('00000000-0000-0000-0001-000000000025', 'https://marketingtunisia.com', 'Marketing', '50+', 'Digital marketing agency', 'Tunis', 'contact@marketingtunisia.com'),
('00000000-0000-0000-0001-000000000026', 'https://mediatunisia.com', 'Media', '30+', 'Media & content', 'Tunis', 'contact@mediatunisia.com'),
('00000000-0000-0000-0001-000000000027', 'https://mobiletunisia.com', 'Mobile', '50+', 'Mobile app development', 'Tunis', 'contact@mobiletunisia.com'),
('00000000-0000-0000-0001-000000000028', 'https://securitytunisia.com', 'Security', '30+', 'Cybersecurity solutions', 'Tunis', 'contact@securitytunisia.com'),
('00000000-0000-0000-0001-000000000029', 'https://softwaretunisia.com', 'Software', '100+', 'Software development', 'Tunis', 'contact@softwaretunisia.com'),
('00000000-0000-0000-0001-000000000030', 'https://telecomtunisia.com', 'Telecom', '100+', 'Telecommunications', 'Tunis', 'contact@telecomtunisia.com'),
('00000000-0000-0000-0001-000000000031', 'https://traveltunisia.com', 'Travel', '30+', 'Travel technology', 'Tunis', 'contact@traveltunisia.com'),
('00000000-0000-0000-0001-000000000032', 'https://webtunisia.com', 'Web', '50+', 'Web development', 'Tunis', 'contact@webtunisia.com'),
('00000000-0000-0000-0001-000000000033', 'https://designtunisia.com', 'Design', '30+', 'Design agency', 'Tunis', 'contact@designtunisia.com'),
('00000000-0000-0000-0001-000000000034', 'https://videotunisia.com', 'Video', '20+', 'Video production', 'Tunis', 'contact@videotunisia.com'),
('00000000-0000-0000-0001-000000000035', 'https://fashiontunisia.com', 'Fashion', '30+', 'Fashion brand', 'Tunis', 'contact@fashiontunisia.com'),
('00000000-0000-0000-0001-000000000036', 'https://sporttunisia.com', 'Sport', '20+', 'Sports technology', 'Tunis', 'contact@sporttunisia.com'),
('00000000-0000-0000-0001-000000000037', 'https://educationtunisia.com', 'Education', '50+', 'Education platform', 'Tunis', 'contact@educationtunisia.com'),
('00000000-0000-0000-0001-000000000038', 'https://engineeringtunisia.com', 'Engineering', '100+', 'Engineering services', 'Tunis', 'contact@engineeringtunisia.com'),
('00000000-0000-0000-0001-000000000039', 'https://architecttunisia.com', 'Architecture', '50+', 'Architecture firm', 'Tunis', 'contact@architecttunisia.com'),
('00000000-0000-0000-0001-000000000040', 'https://constructiontunisia.com', 'Construction', '100+', 'Construction company', 'Tunis', 'contact@constructiontunisia.com'),
('00000000-0000-0000-0001-000000000041', 'https://realestatetunisia.com', 'Real Estate', '50+', 'Real estate agency', 'Tunis', 'contact@realestatetunisia.com'),
('00000000-0000-0000-0001-000000000042', 'https://propertytunisia.com', 'Property', '50+', 'Property management', 'Tunis', 'contact@propertytunisia.com'),
('00000000-0000-0000-0001-000000000043', 'https://www.gct.com.tn', 'Chemical', '1000+', 'Industrial chemical production', 'Tunis', 'contact@gct.com.tn'),
('00000000-0000-0000-0001-000000000044', 'https://www.sfbtnet.com', 'Agro-food', '1000+', 'Food & beverage processing', 'Tunis', 'contact@sfbtnet.com'),
('00000000-0000-0000-0001-000000000045', 'https://www.poulina.com', 'Agro-food', '1000+', 'Food processing conglomerate', 'Tunis', 'contact@poulina.com'),
('00000000-0000-0000-0001-000000000046', 'https://www.mabrouk.com', 'Agro-food', '1000+', 'Food & retail group', 'Tunis', 'contact@mabrouk.com'),
('00000000-0000-0000-0001-000000000047', 'https://www.tts.com', 'Tourism', '1000+', 'Tourism & transport', 'Tunis', 'contact@tts.com'),
('00000000-0000-0000-0001-000000000048', 'https://www.elloumi.com', 'Electrical', '500+', 'Electrical manufacturing', 'Tunis', 'contact@elloumi.com'),
('00000000-0000-0000-0001-000000000049', 'https://www.elmouradi.com', 'Hotels', '500+', 'Hotel chain', 'Tunis', 'contact@elmouradi.com'),
('00000000-0000-0000-0001-000000000050', 'https://www.karthago.com', 'Tourism', '500+', 'Tourism & aviation', 'Tunis', 'contact@karthago.com'),
('00000000-0000-0000-0001-000000000051', 'https://www.delice.com', 'Agro-food', '500+', 'Dairy products', 'Tunis', 'contact@delice.com'),
('00000000-0000-0000-0001-000000000052', 'https://www.onetech.com', 'Electronics', '500+', 'Electronics manufacturing', 'Tunis', 'contact@onetech.com'),
('00000000-0000-0000-0001-000000000053', 'https://www.telnet.com', 'IT', '500+', 'IT services & offshore', 'Tunis', 'contact@telnet.com'),
('00000000-0000-0000-0001-000000000054', 'https://www.stb.com', 'Banking', '500+', 'Banking services', 'Tunis', 'contact@stb.com'),
('00000000-0000-0000-0001-000000000055', 'https://www.tunisair.com', 'Airline', '1000+', 'National airline', 'Tunis', 'contact@tunisair.com'),
('00000000-0000-0000-0001-000000000056', 'https://www.tunisre.com', 'Insurance', '500+', 'Reinsurance company', 'Tunis', 'contact@tunisre.com')
ON CONFLICT (id) DO NOTHING;

-- Insert job offers (1 per company = 56 offers)
INSERT INTO job_offers (company_id, title, description, location, salary_min, salary_max, skills, requirements, is_active) VALUES
('00000000-0000-0000-0001-000000000001', 'Machine Learning Engineer Intern', 'Work on cutting-edge AI projects with our research team.', 'Tunis', 2000, 3000, ARRAY['Python', 'TensorFlow', 'PyTorch', 'ML'], ARRAY['CS/ML background', 'Python proficiency'], true),
('00000000-0000-0000-0001-000000000002', 'Mobile Developer Intern', 'Develop features for Flouci mobile payment app.', 'Tunis', 1800, 2800, ARRAY['React Native', 'JavaScript', 'Mobile Dev'], ARRAY['Mobile development experience'], true),
('00000000-0000-0000-0001-000000000003', 'IoT Engineer Intern', 'Work on atmospheric water generation systems.', 'Sousse', 1700, 2500, ARRAY['IoT', 'Embedded C', 'Arduino'], ARRAY['Electronics background'], true),
('00000000-0000-0000-0001-000000000004', 'Data Scientist Intern', 'Analyze large datasets and build predictive models.', 'Tunis', 1900, 2800, ARRAY['Python', 'SQL', 'Spark', 'ML'], ARRAY['Statistics background'], true),
('00000000-0000-0000-0001-000000000005', 'Full Stack Developer Intern', 'Build mental health platform features.', 'Tunis', 1500, 2300, ARRAY['React', 'Node.js', 'MongoDB'], ARRAY['Full stack experience'], true),
('00000000-0000-0000-0001-000000000006', 'Software Developer Intern', 'Develop ERP modules for businesses.', 'Tunis', 1600, 2400, ARRAY['Java', 'SQL', 'ERP Systems'], ARRAY['Java proficiency'], true),
('00000000-0000-0000-0001-000000000007', 'Frontend Developer Intern', 'Build beautiful UIs for productivity apps.', 'Tunis', 1500, 2300, ARRAY['React', 'TypeScript', 'CSS'], ARRAY['Frontend experience'], true),
('00000000-0000-0000-0001-000000000008', 'DevOps Engineer Intern', 'Manage infrastructure for B2B marketplace.', 'Tunis', 1800, 2700, ARRAY['Docker', 'Kubernetes', 'AWS'], ARRAY['Linux knowledge'], true),
('00000000-0000-0000-0001-000000000009', 'AI Research Intern', 'Develop AI solutions for food industry.', 'Tunis', 1500, 2500, ARRAY['Python', 'Deep Learning', 'NLP'], ARRAY['AI/ML coursework'], true),
('00000000-0000-0000-0001-000000000010', 'UX Designer Intern', 'Design healthcare interfaces.', 'Tunis', 1600, 2400, ARRAY['Figma', 'UX Research', 'Prototyping'], ARRAY['Design portfolio'], true),
('00000000-0000-0000-0001-000000000011', 'Full Stack Developer Intern', 'Build web and mobile applications.', 'Tunis', 1700, 2600, ARRAY['React', 'Node.js', 'PostgreSQL'], ARRAY['Portfolio required'], true),
('00000000-0000-0000-0001-000000000012', 'Mobile Developer Intern', 'Develop medical apps.', 'Tunis', 1500, 2200, ARRAY['Flutter', 'Dart', 'Mobile Dev'], ARRAY['Mobile experience'], true),
('00000000-0000-0000-0001-000000000013', 'IoT Developer Intern', 'Build smart city solutions.', 'Tunis', 1600, 2400, ARRAY['IoT', 'Python', 'Data Analytics'], ARRAY['IoT experience'], true),
('00000000-0000-0000-0001-000000000014', 'Operations Analyst Intern', 'Optimize logistics operations.', 'Tunis', 1500, 2200, ARRAY['Excel', 'SQL', 'Data Analysis'], ARRAY['Analytical skills'], true),
('00000000-0000-0000-0001-000000000015', 'Hardware Engineer Intern', 'Design environmental monitoring systems.', 'Tunis', 1600, 2400, ARRAY['PCB Design', 'Embedded Systems'], ARRAY['EE degree'], true),
('00000000-0000-0000-0001-000000000016', 'Cloud Engineer Intern', 'Build and maintain cloud infrastructure.', 'Tunis', 1800, 2700, ARRAY['AWS', 'Azure', 'Terraform'], ARRAY['Cloud certifications'], true),
('00000000-0000-0000-0001-000000000017', 'AgriTech Developer Intern', 'Build technology for modern farming.', 'Tunis', 1400, 2100, ARRAY['Python', 'IoT', 'Mobile Dev'], ARRAY['Tech skills'], true),
('00000000-0000-0000-0001-000000000018', 'Content Developer Intern', 'Create educational content.', 'Tunis', 1400, 2000, ARRAY['Content Creation', 'LMS'], ARRAY['Education background'], true),
('00000000-0000-0000-0001-000000000019', 'Energy Analyst Intern', 'Analyze energy data.', 'Tunis', 1500, 2200, ARRAY['Data Analysis', 'Excel'], ARRAY['Engineering background'], true),
('00000000-0000-0000-0001-000000000020', 'Backend Developer Intern', 'Build scalable financial systems.', 'Tunis', 1800, 2600, ARRAY['Node.js', 'PostgreSQL', 'REST APIs'], ARRAY['Backend experience'], true),
('00000000-0000-0000-0001-000000000021', 'Operations Intern', 'Support food tech operations.', 'Tunis', 1300, 1900, ARRAY['Operations', 'Supply Chain'], ARRAY['Detail oriented'], true),
('00000000-0000-0000-0001-000000000022', 'HR Tech Developer Intern', 'Build HR platform features.', 'Tunis', 1500, 2200, ARRAY['React', 'Node.js'], ARRAY['Web development'], true),
('00000000-0000-0000-0001-000000000023', 'Actuary Intern', 'Support actuarial analysis.', 'Tunis', 1700, 2500, ARRAY['Statistics', 'Excel'], ARRAY['Math/Stats degree'], true),
('00000000-0000-0000-0001-000000000024', 'Legal Tech Developer Intern', 'Build legal automation tools.', 'Tunis', 1500, 2200, ARRAY['Python', 'NLP'], ARRAY['Programming skills'], true),
('00000000-0000-0000-0001-000000000025', 'Digital Marketing Intern', 'Support digital campaigns.', 'Tunis', 1300, 1900, ARRAY['Social Media', 'Google Analytics'], ARRAY['Creative mind'], true),
('00000000-0000-0000-0001-000000000026', 'Content Producer Intern', 'Create multimedia content.', 'Tunis', 1300, 1900, ARRAY['Video Editing', 'Content Creation'], ARRAY['Portfolio required'], true),
('00000000-0000-0000-0001-000000000027', 'Android Developer Intern', 'Build native Android apps.', 'Tunis', 1600, 2400, ARRAY['Kotlin', 'Android SDK'], ARRAY['Android experience'], true),
('00000000-0000-0000-0001-000000000028', 'Security Analyst Intern', 'Support cybersecurity ops.', 'Tunis', 1700, 2500, ARRAY['Security', 'Network Analysis'], ARRAY['Security interest'], true),
('00000000-0000-0000-0001-000000000029', 'QA Engineer Intern', 'Test software applications.', 'Tunis', 1400, 2100, ARRAY['Testing', 'Selenium', 'JIRA'], ARRAY['QA methodologies'], true),
('00000000-0000-0000-0001-000000000030', 'Network Engineer Intern', 'Support telecom infrastructure.', 'Tunis', 1600, 2400, ARRAY['Networking', 'Cisco'], ARRAY['Networking knowledge'], true),
('00000000-0000-0000-0001-000000000031', 'Travel Tech Developer Intern', 'Build travel booking features.', 'Tunis', 1500, 2200, ARRAY['React', 'Node.js', 'APIs'], ARRAY['Web development'], true),
('00000000-0000-0000-0001-000000000032', 'Web Developer Intern', 'Create modern web apps.', 'Tunis', 1500, 2300, ARRAY['HTML', 'CSS', 'JavaScript'], ARRAY['Web skills'], true),
('00000000-0000-0000-0001-000000000033', 'Graphic Designer Intern', 'Create visual designs.', 'Tunis', 1400, 2000, ARRAY['Photoshop', 'Illustrator', 'Figma'], ARRAY['Design portfolio'], true),
('00000000-0000-0000-0001-000000000034', 'Video Editor Intern', 'Edit videos for marketing.', 'Tunis', 1400, 2000, ARRAY['Premiere Pro', 'After Effects'], ARRAY['Video portfolio'], true),
('00000000-0000-0000-0001-000000000035', 'Fashion Marketing Intern', 'Support fashion marketing.', 'Tunis', 1300, 1800, ARRAY['Marketing', 'Social Media'], ARRAY['Fashion interest'], true),
('00000000-0000-0000-0001-000000000036', 'Sports Tech Intern', 'Build sports analytics tools.', 'Tunis', 1400, 2100, ARRAY['Data Analysis', 'Mobile Dev'], ARRAY['Sports passion'], true),
('00000000-0000-0000-0001-000000000037', 'Product Manager Intern', 'Shape education products.', 'Tunis', 1600, 2400, ARRAY['Product Management', 'Agile'], ARRAY['PM interest'], true),
('00000000-0000-0000-0001-000000000038', 'Mechanical Engineer Intern', 'Support engineering projects.', 'Tunis', 1600, 2400, ARRAY['CAD', 'SolidWorks'], ARRAY['ME degree'], true),
('00000000-0000-0000-0001-000000000039', 'Architecture Intern', 'Assist in architectural design.', 'Tunis', 1500, 2200, ARRAY['AutoCAD', 'SketchUp'], ARRAY['Architecture student'], true),
('00000000-0000-0000-0001-000000000040', 'Civil Engineer Intern', 'Support construction projects.', 'Tunis', 1600, 2400, ARRAY['Civil Engineering', 'Project Management'], ARRAY['CE degree'], true),
('00000000-0000-0000-0001-000000000041', 'Real Estate Analyst Intern', 'Support property analysis.', 'Tunis', 1500, 2200, ARRAY['Excel', 'Financial Analysis'], ARRAY['Finance background'], true),
('00000000-0000-0000-0001-000000000042', 'Property Manager Intern', 'Learn property management.', 'Tunis', 1400, 2000, ARRAY['Property Management'], ARRAY['Business degree'], true),
('00000000-0000-0000-0001-000000000043', 'Chemical Engineer Intern', 'Support industrial processes at GCT.', 'Tunis', 1700, 2500, ARRAY['Chemical Engineering'], ARRAY['ChemE degree'], true),
('00000000-0000-0000-0001-000000000044', 'Quality Control Intern', 'Ensure food safety at SFBT.', 'Tunis', 1500, 2200, ARRAY['Food Science', 'Quality Control'], ARRAY['Food science background'], true),
('00000000-0000-0000-0001-000000000045', 'Production Engineer Intern', 'Support food production at Poulina.', 'Tunis', 1600, 2400, ARRAY['Food Engineering', 'Production'], ARRAY['Engineering degree'], true),
('00000000-0000-0000-0001-000000000046', 'Supply Chain Intern', 'Optimize supply chain at Mabrouk.', 'Tunis', 1500, 2200, ARRAY['Supply Chain', 'Logistics'], ARRAY['Business degree'], true),
('00000000-0000-0000-0001-000000000047', 'Tourism Operations Intern', 'Support tourism operations.', 'Tunis', 1400, 2000, ARRAY['Tourism', 'Customer Service'], ARRAY['Tourism student'], true),
('00000000-0000-0000-0001-000000000048', 'Electrical Engineer Intern', 'Support electrical manufacturing.', 'Tunis', 1600, 2400, ARRAY['Electrical Engineering'], ARRAY['EE degree'], true),
('00000000-0000-0000-0001-000000000049', 'Hotel Management Intern', 'Learn hotel operations.', 'Tunis', 1400, 2000, ARRAY['Hospitality', 'Customer Service'], ARRAY['Hospitality degree'], true),
('00000000-0000-0000-0001-000000000050', 'Aviation Intern', 'Support aviation operations.', 'Tunis', 1500, 2200, ARRAY['Aviation', 'Operations'], ARRAY['Aviation interest'], true),
('00000000-0000-0000-0001-000000000051', 'Marketing Intern', 'Support dairy marketing at Délice.', 'Tunis', 1400, 2000, ARRAY['Marketing', 'Consumer Goods'], ARRAY['Marketing student'], true),
('00000000-0000-0000-0001-000000000052', 'Electronics Technician Intern', 'Support electronics manufacturing.', 'Tunis', 1500, 2200, ARRAY['Electronics', 'Testing'], ARRAY['Electronics background'], true),
('00000000-0000-0000-0001-000000000053', 'Software Engineer Intern', 'Join TELNET offshore team.', 'Tunis', 2000, 3000, ARRAY['Java', 'Spring Boot'], ARRAY['Strong programming skills'], true),
('00000000-0000-0000-0001-000000000054', 'Banking Operations Intern', 'Learn banking operations at STB.', 'Tunis', 1600, 2300, ARRAY['Banking', 'Finance'], ARRAY['Finance degree'], true),
('00000000-0000-0000-0001-000000000055', 'Airline Operations Intern', 'Support flight operations at TunisAir.', 'Tunis', 1700, 2500, ARRAY['Aviation', 'Operations'], ARRAY['Aviation background'], true),
('00000000-0000-0000-0001-000000000056', 'Underwriting Intern', 'Learn reinsurance at Tunisia RE.', 'Tunis', 1600, 2300, ARRAY['Risk Analysis', 'Finance'], ARRAY['Finance background'], true)
ON CONFLICT DO NOTHING;

-- =====================================================
-- PART 2: STORAGE BUCKETS
-- =====================================================

-- Create storage buckets
INSERT INTO storage.buckets (id, name, public)
VALUES 
    ('avatars', 'avatars', true),
    ('cvs', 'cvs', false),
    ('company-logos', 'company-logos', true)
ON CONFLICT (id) DO NOTHING;

-- =====================================================
-- SUCCESS
-- =====================================================
SELECT '✅ Complete setup done! 56 companies, 56 job offers, 3 storage buckets created!' as status;
